{
    "train_loss": [
        1.235081329345703,
        0.9722975969314576,
        0.7543060994148254,
        0.53034703373909,
        0.39417016863822935,
        0.26750137120485307,
        0.1821954369544983,
        0.11109964549541473,
        0.0873490908741951,
        0.07026681274175645
    ],
    "train_acc": [
        67.54716981132076,
        75.59748427672956,
        78.99371069182389,
        83.27044025157232,
        84.52830188679245,
        89.937106918239,
        92.95597484276729,
        96.1006289308176,
        96.98113207547169,
        97.10691823899371
    ],
    "val_loss": [
        1.2977362672487895,
        1.2022460798422496,
        1.166018784046173,
        1.2023852864901226,
        1.2596860627333324,
        1.3704771002133687,
        1.473353276650111,
        1.5875680247942607,
        1.7024264732996623,
        1.8263114591439564
    ],
    "val_acc": [
        59.13978494623656,
        56.98924731182796,
        64.51612903225806,
        65.59139784946237,
        69.35483870967742,
        70.43010752688173,
        74.19354838709677,
        75.26881720430107,
        73.65591397849462,
        71.50537634408602
    ]
}