{
    "train_loss": [
        0.5326240829059056,
        0.3158122437340873,
        0.19327490372317177,
        0.11278845274022647,
        0.08824052384921482,
        0.0867308385670185,
        0.0662536559493414,
        0.060633114512477604,
        0.039735124014051895,
        0.03722746678727812
    ],
    "train_acc": [
        72.18664226898444,
        86.82525160109789,
        91.76578225068619,
        95.69990850869168,
        96.52333028362305,
        96.70631290027447,
        98.35315645013723,
        98.62763037511436,
        98.62763037511436,
        99.17657822506862
    ],
    "val_loss": [
        0.6051041417651706,
        0.7700453400611877,
        0.8501490950584412,
        1.1230662796232436,
        1.1311384505695767,
        1.1831449733840094,
        1.2741428547435336,
        1.4238637354638841,
        1.6373687783877056,
        1.4633010625839233
    ],
    "val_acc": [
        67.54716981132076,
        68.30188679245283,
        61.886792452830186,
        61.886792452830186,
        60.0,
        64.52830188679245,
        62.264150943396224,
        62.64150943396226,
        62.64150943396226,
        61.886792452830186
    ]
}