{
    "train_loss": [
        0.4653969079256058,
        0.2516211584210396,
        0.17767010852694512,
        0.09542774315923452,
        0.09421865697950124,
        0.02509676553308964,
        0.015653675701469184,
        0.024792333645746113,
        0.012642265600152313,
        0.010886850371025502
    ],
    "train_acc": [
        79.19463087248322,
        90.93959731543625,
        94.96644295302013,
        96.64429530201342,
        96.97986577181209,
        99.66442953020135,
        99.66442953020135,
        99.32885906040268,
        100.0,
        99.66442953020135
    ],
    "val_loss": [
        0.4149286448955536,
        0.385645459095637,
        0.32172560195128125,
        0.40016380945841473,
        0.2564515173435211,
        0.4160911242167155,
        0.42535946766535443,
        0.4126887420813243,
        0.5746590892473856,
        0.5259491403897604
    ],
    "val_acc": [
        84.81012658227849,
        87.34177215189874,
        87.34177215189874,
        86.07594936708861,
        84.81012658227849,
        82.27848101265823,
        83.54430379746836,
        86.07594936708861,
        83.54430379746836,
        84.81012658227849
    ]
}