{
    "train_loss": [
        0.6739885354042053,
        0.6293000698089599,
        0.5227047777175904,
        0.3810305440425873,
        0.2407820177078247,
        0.15665427714586258,
        0.09929845526814461,
        0.06918129589408636,
        0.05524921253323555,
        0.03569056970998645
    ],
    "train_acc": [
        58.742138364779876,
        67.16981132075472,
        75.22012578616352,
        83.64779874213836,
        91.57232704402516,
        95.59748427672956,
        97.35849056603773,
        98.23899371069183,
        98.49056603773585,
        99.11949685534591
    ],
    "val_loss": [
        0.7012739976247152,
        0.7044989963372549,
        0.7015681664148966,
        0.7778301537036896,
        0.836177815993627,
        1.0268412033716838,
        1.2969523171583812,
        1.3707411388556163,
        1.442568967739741,
        1.5392650961875916
    ],
    "val_acc": [
        54.30107526881721,
        56.98924731182796,
        59.13978494623656,
        58.064516129032256,
        59.67741935483871,
        60.215053763440864,
        60.215053763440864,
        58.60215053763441,
        60.215053763440864,
        61.82795698924731
    ]
}