{
    "train_loss": [
        0.48244218826293944,
        0.19508175998926164,
        0.10638326949306896,
        0.05474113135465554,
        0.04228989521839789,
        0.0188273271878383,
        0.01780093432337578,
        0.011853767299492444,
        0.019360996253921518,
        0.026178363055389908
    ],
    "train_acc": [
        83.8975297346752,
        93.32113449222324,
        96.9807868252516,
        98.17017383348582,
        98.62763037511436,
        99.81701738334858,
        99.63403476669717,
        99.72552607502287,
        99.54254345837145,
        99.08508691674291
    ],
    "val_loss": [
        0.4493154717816247,
        0.2634484614762995,
        0.28817952382895684,
        0.2987537491652701,
        0.321384963993397,
        0.33291959467654425,
        0.4455238279576103,
        0.3866317594786071,
        0.3565088657455312,
        0.39425135540982914
    ],
    "val_acc": [
        85.28301886792453,
        90.94339622641509,
        91.32075471698113,
        92.83018867924528,
        92.45283018867924,
        92.45283018867924,
        91.69811320754717,
        93.58490566037736,
        92.45283018867924,
        93.58490566037736
    ]
}