{
    "train_loss": [
        1.0297532379627228,
        0.8882095992565155,
        0.6466839373111725,
        0.44908090829849245,
        0.275556717813015,
        0.22377730011940003,
        0.177590511739254,
        0.07630901820957661,
        0.11938939802348614,
        0.08931775595992804
    ],
    "train_acc": [
        58.7248322147651,
        62.41610738255034,
        74.16107382550335,
        88.9261744966443,
        89.26174496644295,
        94.29530201342281,
        92.95302013422818,
        97.31543624161074,
        97.31543624161074,
        97.98657718120805
    ],
    "val_loss": [
        1.1011948585510254,
        1.1104189554850261,
        1.1862624883651733,
        1.3463556170463562,
        1.5407164891560872,
        1.8836333751678467,
        2.0272192557652793,
        2.2518965800603232,
        2.3980284134546914,
        2.5740953286488852
    ],
    "val_acc": [
        46.835443037974684,
        48.10126582278481,
        44.30379746835443,
        53.164556962025316,
        39.24050632911393,
        40.50632911392405,
        43.037974683544306,
        43.037974683544306,
        43.037974683544306,
        44.30379746835443
    ]
}