{
    "train_loss": [
        0.42539966106414795,
        0.3223229855298996,
        0.17611683905124664,
        0.11259781867265702,
        0.06004935037344694,
        0.036035619629547,
        0.0184939801460132,
        0.015495826443657278,
        0.01158210055436939,
        0.013751071132719516
    ],
    "train_acc": [
        82.15488215488216,
        87.20538720538721,
        95.28619528619528,
        97.3063973063973,
        98.98989898989899,
        99.32659932659932,
        99.66329966329967,
        100.0,
        100.0,
        99.66329966329967
    ],
    "val_loss": [
        0.5456056793530782,
        0.5284455617268881,
        0.5763202905654907,
        0.6317025224367777,
        0.7908738156159719,
        0.8079642653465271,
        0.8768271207809448,
        0.9966340859731039,
        1.0211026271184285,
        0.9123453994592031
    ],
    "val_acc": [
        71.7948717948718,
        74.35897435897436,
        75.64102564102564,
        75.64102564102564,
        71.7948717948718,
        73.07692307692308,
        74.35897435897436,
        75.64102564102564,
        69.23076923076923,
        76.92307692307692
    ]
}